0;10195;9908;10060;10236;10000;9996;9982;9991;9914;9797;9964;10146;9985;9890;9898;9882;10122;9765;9973;9962;9982;10028;10041;9820;10195;10113;9970;10161;9743;10033;10022;10086;10118;10101;9997;10053;10040;9830;10129;10121;9996;10072;10136;9855;9815;10094;9964;10261;10062;9967;10085;9927;10041;10063;10022;9876;9982;9859;10086;10062;10180;10033;10026;10017;9895;9840;10020;9911;9957;10038;9840;9996;10092;10008;9910;9894;9938;10026;9864;9965;9915;9778;10080;9865;9998;10014;9993;10084;9936;10142;10000;9810;9926;10242;9890;10087;10054;9984;10009
9901;0;9970;9889;9956;10062;9809;10006;9920;9839;10068;10058;10076;10138;10077;10075;10051;9939;9950;10041;9854;9941;9987;10021;10123;10121;9969;10101;9982;10014;9941;9954;10079;10053;10206;9927;9862;9873;10050;9778;9994;9972;10080;9982;9980;9887;9779;9946;9972;10061;9956;10036;9992;9994;9992;10021;9790;10065;9973;10073;10140;9979;9929;9857;10037;10072;10059;10161;9905;10127;9778;9995;9866;9966;9849;9977;10134;10052;10084;9806;9877;9974;10119;10113;10079;9954;9988;10054;9878;10060;10060;9967;10156;10028;10129;9904;10076;9987;10165;10126
9874;9845;0;9989;10126;10083;9831;10038;9858;10024;9901;9975;9955;10029;9942;9932;9924;10070;10034;9982;10060;10022;9916;10053;10281;10226;9988;10042;9980;10061;10061;10050;10055;9863;10241;9930;9949;9857;10239;9941;9930;9832;10068;9802;9951;10115;10256;10016;10035;9832;10101;9984;10061;10141;10205;9996;9886;10141;10037;9967;10083;9839;9940;10065;10026;10002;9965;10071;9943;10271;9989;10120;10084;9976;9994;9751;9792;10052;10110;10024;9897;9922;9771;10194;9997;10044;9948;10104;10093;10085;10056;10071;9920;10022;9884;10039;9907;9902;9942;10071
9964;10122;10135;0;9959;10058;10022;9953;9998;10089;10072;9884;9839;9839;10005;10104;9966;9890;10051;10067;10041;9986;9840;9813;9952;10070;10027;10008;10024;9985;9979;10002;10027;9999;10145;10020;10234;10150;10025;9719;10023;10195;10163;9989;10047;9884;9834;10152;9986;9986;9887;10075;10094;10069;10054;10154;9850;9874;10040;9985;9899;10190;9911;10150;9848;9994;10008;10036;10098;9944;9972;10004;10223;10031;10221;10079;10001;10002;10121;10223;9974;9752;9879;9933;9975;9876;10108;9966;10025;9983;10012;10039;10021;10207;9984;10060;10046;10013;10173;9914
10050;10121;10153;9876;0;9965;9755;10015;10068;9849;10149;10083;9896;10060;10047;9978;9846;9938;10159;9886;9951;9973;9954;9992;9962;9952;9987;9871;10060;10015;9811;10015;10197;10073;10148;9978;10018;9960;9924;10061;9708;9909;10017;10118;9986;10026;9832;9870;10007;10091;10132;9987;9778;9971;10073;9881;9991;10029;10012;9762;9779;9930;10032;10120;10116;10080;9980;9876;9886;9992;9945;10139;10122;10019;10105;10013;10020;10128;10102;9994;9817;10093;10003;10120;10074;10143;9970;9743;10037;10020;10073;10166;9954;10094;9879;9932;9963;9935;9873;10098
10039;9987;10064;9958;9897;0;9987;9917;10074;9961;9863;10092;9939;9828;10160;10146;9819;10131;10029;10001;9959;9980;9965;10048;9932;9763;9919;9843;9790;9997;9898;9983;10027;10112;9950;10032;10090;10214;9970;9915;10009;9934;10070;9992;9799;10011;9786;10092;9924;9866;9996;10021;10015;10126;9901;9913;10180;9907;10042;10181;9977;10096;9870;9990;10061;9736;10109;10061;9934;9867;9933;9913;9941;10025;10029;10001;10018;10079;9888;9940;9994;10059;9972;10067;10021;10014;9987;10063;10066;10018;9849;10129;9869;9929;10244;10162;9905;9972;9934;9934
10130;9940;9889;10003;9919;10044;0;10079;10041;10041;10001;10067;10012;9967;9987;9969;10119;9905;10138;10200;10030;10044;10050;9883;10089;9927;9934;9884;9991;9979;10088;9803;9969;10214;9860;9994;10086;9919;9996;9952;9930;9949;10011;9962;10055;10332;10032;9989;10053;9883;9916;10095;9951;9996;9951;10032;9935;9892;10193;10044;9986;9882;10142;10063;10038;10084;10062;10071;9907;9834;10125;10192;10035;9920;10027;9969;9793;10122;10108;9745;9988;10029;10096;10119;10068;10151;10050;9857;10167;9936;10125;10169;9996;10167;10031;9988;9796;9936;9930;9933
10056;10104;9704;10047;9847;10236;10095;0;9944;9954;9884;10106;9901;9962;10094;10010;10171;9917;9971;10020;10051;9988;9925;10140;9967;9994;10147;9960;10089;10004;10149;10181;10087;9881;9932;10002;10002;9952;10125;10023;9999;10132;9823;9968;9909;10060;9897;10006;9977;10083;9965;9933;10140;9910;10060;10007;10075;10056;10115;10065;10011;9998;10088;10058;10093;9939;9931;9861;9984;9956;10006;10017;9945;9804;9840;9883;10047;10035;10096;10048;10121;9959;10040;9847;10009;10042;10016;10075;9991;10083;10093;10115;9853;9932;9863;9915;9945;9988;10121;9954
10231;9924;9905;10128;10035;10050;10019;10009;0;10018;9947;10040;9806;10010;10137;9831;9987;10042;9934;9981;9965;10017;10110;9848;9968;9943;10190;9932;10280;9831;9922;9973;9662;9972;10079;10128;10172;9847;9903;10073;10172;10126;9996;10054;10062;9980;9656;9913;9904;10034;10080;10085;10078;10133;9887;9958;9909;9972;9952;9972;9920;9840;9900;9926;10170;9926;10074;10006;9937;10077;10034;9824;10024;10140;9989;10014;10052;10012;10186;9974;10059;9851;9992;10143;10112;9795;10112;10030;9933;9743;9892;10047;10192;9958;9944;10143;10098;10033;9842;9939
9907;9963;9882;9980;10010;9982;9957;9942;9960;0;10080;10048;10012;10036;10101;9917;9891;10027;9883;9910;10053;10041;10004;9981;10030;9910;9980;10024;9960;9923;9915;9980;9962;9904;9796;10057;10080;9984;9967;9889;9976;9953;9805;10074;9920;10050;10141;10152;10060;10011;9958;10000;10174;9972;10148;9955;9919;9928;10107;9982;9880;10204;9933;10005;9806;10061;10084;9968;9908;9982;9957;9824;9801;10174;9922;9972;10072;9879;9986;9875;10148;9818;10023;10043;9995;10012;10023;10069;9898;9784;9889;10083;9939;10006;9916;10092;9970;9897;9847;9863
10086;9954;9970;10000;9904;10034;9997;9912;10057;9928;0;10099;9838;9913;10050;10063;9941;10039;10037;9864;9939;9877;10059;10161;9855;10062;9754;9853;10091;9889;9742;9709;10169;9989;9792;9905;10057;10050;9990;10014;9959;10072;10023;9977;10053;10080;9944;9931;9954;9928;9992;9898;10296;10067;9937;10072;10053;10083;10013;9949;10020;10126;9907;10012;9952;9925;9947;10091;9903;10003;10198;9997;10075;9967;10148;10246;10042;9915;10084;9906;10031;9985;10024;9968;10019;9972;9878;9930;10032;10051;9848;10168;10048;9916;10105;9943;10017;9861;10082;10037
9847;9934;9958;10098;9830;9979;9835;10008;9876;9905;10100;0;9931;10068;10052;10098;10014;9990;9864;9989;10009;10059;9926;10093;9904;10065;9987;10057;9779;9893;9978;10097;9885;9890;10051;9902;9981;9956;10001;10115;9748;9932;10075;10179;10067;9952;9983;9977;10040;9966;9934;10028;9934;9990;9984;10010;10013;10051;9895;10026;10046;10009;9990;10009;10010;9899;10028;10190;10014;9949;9941;9870;9946;9993;9859;9890;9940;9894;10132;10112;10181;9994;10032;9905;9963;10143;9903;9891;9831;9923;9862;9915;10032;9960;9994;10082;10163;10059;10095;9893
10071;10065;9973;9966;9968;10012;10017;10150;9900;10034;10117;10191;0;10005;10019;9891;9943;10029;10100;10008;9948;9990;9901;10053;9933;10017;10015;9962;10161;9940;10071;10017;9950;10034;10041;10045;9942;10023;9948;10010;9903;10220;9884;9950;10066;10046;10140;10067;9990;10046;9954;9879;10022;9928;9977;9940;9831;10159;9962;9839;10014;9889;10209;9921;10048;9987;9910;9932;9982;10043;9898;10190;10032;9997;9897;9930;9931;10038;9962;10026;10102;10008;10094;10131;10175;9967;9961;10119;9949;9962;9964;9971;9864;10017;9910;9956;10029;10000;10007;9997
9726;9927;10046;10096;9959;10076;10121;9929;10200;9942;9804;10111;9976;0;10103;10148;10054;10006;10132;9964;9869;9931;9969;9870;9992;9954;10166;10090;10026;9955;9901;9861;10025;9887;10039;9859;9998;10021;10022;9922;10117;9877;9946;10057;10052;10184;10200;10071;9939;9951;10050;9985;9881;9882;10041;9984;10003;9941;10116;10196;10073;9922;10052;10035;10014;9939;10040;10114;10078;10069;9742;9924;9880;10114;10063;10008;9967;9880;10113;9878;9924;10173;10176;9966;10012;9957;9971;10030;9860;9989;10205;10078;10160;9887;9996;10019;10081;9830;10073;9994
9895;10046;10044;9872;9973;10006;10150;10139;9938;9980;9958;10021;10191;10011;0;9880;10001;10089;10071;9861;9974;9965;10064;9909;10194;9953;9881;10019;10055;9845;9822;9795;9943;10038;9960;9970;9913;9998;9957;9931;10072;10019;10067;9855;9970;10023;9901;10085;9992;10022;10123;10111;9904;10208;9993;9885;9995;9961;10170;10046;9963;10030;10081;9986;10035;10009;9999;9884;9829;9999;9990;9872;9781;10045;10022;10004;10069;9902;10155;10050;9978;9964;9987;10094;10125;10004;9864;10201;9931;10041;10041;10005;9872;10215;9939;9888;10090;10072;9915;9925
9955;9953;9995;9923;10173;10049;9946;9980;10081;9972;9906;10189;9848;9965;9863;0;10101;10107;9889;10094;10012;9992;10002;9967;9802;9965;9765;9923;9946;9974;9917;10052;10073;9946;9930;10071;9972;9959;9826;10006;10032;9998;9868;10184;9788;10195;10046;10042;9970;10092;10116;9832;9892;10077;10003;9887;9933;10165;10100;10027;9919;10009;9828;9945;9796;9985;9907;10066;9942;9834;9868;9980;10124;10110;10164;9994;10070;9980;10191;10083;10250;10152;9938;10026;10068;10222;10011;9960;9874;9820;9884;10119;10003;10127;10125;9960;10065;10181;9988;10034
10045;9895;9751;10063;10217;10110;10057;9977;10055;9985;9936;10008;10043;9937;10045;10040;0;9853;10142;10008;10095;10016;10033;9993;9912;10115;9853;9835;9820;10217;9887;9841;10078;10065;10036;10017;9795;10103;9870;10068;10141;10094;9890;10071;9977;9949;10118;9873;10003;10130;10067;10005;9936;10081;10011;10065;9877;9944;9997;10306;10016;9909;9936;10072;10079;10059;9961;10008;10185;10111;9991;10017;10055;9999;10070;9858;9949;10032;10082;9922;10040;10092;9906;9804;10084;9997;9955;10081;9923;9993;10081;9846;10139;10072;9961;9987;9865;10081;10106;9978
10030;9922;9785;9815;10012;9919;10008;10219;10018;9892;9938;10065;9889;10063;9864;9926;9947;0;10043;9998;10084;9950;10136;10035;10139;10023;9928;9820;9941;9937;10005;9750;10029;9936;9957;10141;10068;9993;10070;10008;9938;9980;10039;9832;10024;10011;10061;9784;10120;9913;10077;9919;10059;10054;10020;9654;10159;9930;9899;9961;9868;10037;9929;10024;10085;10021;10148;9893;9963;10044;10089;9992;10052;10065;10037;9965;10108;10205;10065;10002;9888;9958;10081;9908;10090;9995;10025;10060;9958;10058;10036;9969;9951;9856;9975;9848;9852;9979;10013;9969
9724;10024;9972;10095;10023;9899;10155;9966;9955;10203;10064;9963;10011;9991;9982;9923;9930;10048;0;9887;9981;10013;10055;10063;10043;10078;9914;9969;9928;10071;9986;10056;9988;9840;9863;9902;9937;9893;9921;10111;10120;10068;10153;10020;10093;10004;9899;10072;10135;10027;9993;10062;9895;10196;9975;10001;9919;9950;9879;10016;10040;10086;9822;10101;9967;10143;10092;9925;10066;10030;9943;9928;10067;9865;9968;9990;10136;10024;10020;9902;9846;9785;9989;10038;10094;10000;10139;10043;9986;9877;10003;10076;9914;9862;10210;9878;9789;9969;9791;10096
9857;10111;9981;10135;9997;10031;10149;10158;9902;10045;10110;10080;10255;9812;10003;9906;9741;10001;9937;0;9906;10129;10042;9871;10051;10071;10081;10099;10078;9964;10010;10157;10001;9960;10133;9848;9958;10087;9859;10072;9876;10146;9972;10124;10044;10150;10015;9867;9946;10096;9997;9951;10151;9946;9969;10062;9925;10014;10087;10012;10080;9883;10044;10146;10088;9773;9851;9974;10016;10061;9725;9962;9909;9943;9821;9922;10147;10115;10023;10049;10024;9970;10037;10165;10016;10042;10007;9982;10051;10105;9933;10051;9977;10149;9883;10213;10080;10030;10040;10007
9856;9987;9986;10122;10023;10019;9955;10126;10124;10027;10079;10098;9911;10044;10038;10122;9942;10046;9871;9961;0;9979;9995;10060;10028;10179;10073;10015;10033;9862;10046;9975;9926;10064;9910;10018;10000;9958;10093;10010;9895;9965;9821;10064;9965;9920;10044;10108;10057;10202;10094;10144;10028;9925;10162;9924;10058;9905;10070;10015;9907;10053;10082;10038;9882;9975;9911;9964;9928;9880;9893;10102;10055;9997;9973;9822;9983;10055;9929;9918;9950;9985;9974;9936;9976;10162;9892;10060;9977;9834;10057;9895;10020;9963;10034;10073;10061;10113;10162;10054
10135;10261;10154;9862;10026;10017;10010;10020;9950;9893;10090;9968;10072;9943;9948;9935;10047;9982;10032;10045;9988;0;10139;9936;10156;9935;9955;10047;9943;9997;10072;9865;9993;10191;10063;10065;9882;10036;10004;9993;9877;9983;9893;9991;10015;10097;9982;10090;9933;10048;9996;10130;9902;10037;9818;10135;9969;10052;10134;9860;9942;9988;10044;10104;9993;10113;10074;9971;10080;9922;10079;9921;10170;10180;9958;10046;10031;9996;10033;10078;10045;9980;10092;10078;9816;9783;9742;9938;9931;10167;9922;10022;10014;10044;9972;10059;9951;10087;9785;9961
10051;9946;9925;9885;10016;9941;10082;9950;9919;9785;10048;10050;9876;9972;10053;10113;10135;9906;10006;10164;10036;10045;0;10080;10013;10031;10058;9884;10050;10058;9956;9956;9884;9884;10058;9869;10063;9916;10063;10054;10071;10024;9974;10079;10125;10000;10013;9987;10040;10063;10026;9954;9901;9894;9966;10123;10144;9943;9938;9990;9996;10022;9970;10045;9928;10049;10111;10030;10078;9939;10065;10127;9892;9922;10049;10098;10012;10113;10035;9981;10001;10117;10157;9885;10007;10064;10093;10070;9980;9992;9947;10046;10001;10059;10003;9982;9908;10096;9874;9903
10068;10014;9980;9866;9990;9849;9996;9952;9980;9843;10002;9963;9930;9984;9977;10026;10027;10133;9931;10031;10072;9884;10056;0;10040;10082;10130;9978;9979;10036;10008;9998;9952;10012;10021;10041;9915;10049;9992;9974;9880;9975;9800;10129;10056;9819;10155;9790;9829;10013;10027;9825;9956;10041;10152;10182;9780;10170;9927;10071;9811;10034;9852;10050;9856;9997;9843;9897;9873;9974;10095;9975;10172;10107;10102;10116;10156;10197;9887;10122;9883;10068;9845;10015;10168;10134;9866;9834;9898;9940;9853;10014;9813;10053;10057;9984;10077;10076;9932;10033
10097;9968;9948;10136;9838;10009;9918;10192;9897;9898;9903;9935;9991;9926;9987;9852;9916;9844;9869;10222;9822;10068;9922;9850;0;10053;9846;10038;10106;10023;9814;10039;9979;10117;10074;9970;9971;10028;10086;10077;10001;9878;10003;10014;10184;9983;9866;10134;9945;10142;10106;10151;10099;10036;10129;10007;9883;9883;9996;10099;10066;9972;9877;9919;9991;10047;10053;10084;10155;9837;10051;9927;10006;9956;9949;9941;9953;9885;10100;10049;10152;9819;9895;10077;10035;10025;10062;10194;10201;9918;9901;10051;10017;9957;9955;10047;10013;10019;9946;9917
10081;10069;10195;9973;9947;10150;9941;10002;9891;10110;9978;9831;10116;10031;9896;10043;10200;10052;9929;10029;9990;10056;9860;9918;10005;0;10001;9945;9861;9949;10039;10036;10193;10081;10148;10003;9941;9914;9838;9936;10037;9681;9991;9740;10088;10033;9946;9946;10015;9989;9965;9963;10093;10062;9879;10122;10222;9973;10192;9934;9980;10003;10069;10037;10072;10103;10064;9853;9965;10033;9931;10015;10017;9954;10065;9963;9998;9954;10029;9790;10159;9891;9755;10062;10188;9961;10090;10148;10005;10098;9953;9771;9977;10034;10023;10091;10113;9872;9950;9855
9919;10124;10020;10011;9916;9873;9772;10001;10145;9988;10068;9932;10214;9871;9996;9867;9901;10076;9866;9910;10079;9977;10068;10013;10014;10180;0;10056;9984;10107;9998;9961;9932;10077;10167;9982;10090;10143;9986;9973;9965;10136;9907;10048;9963;10072;10066;9993;10005;10028;9821;9878;9916;9966;10044;9976;9866;9939;10031;9964;9929;10007;9920;10175;9976;9827;10039;9870;9903;9985;9963;9818;9861;9890;10214;9907;10060;10140;10080;10119;9984;10090;10010;10088;10015;9983;9868;10057;9985;10042;9994;9975;9883;9866;10017;10075;10173;9900;9943;9795
9857;9902;10105;9898;10039;9977;9898;9978;10191;10098;10106;9986;9861;9906;10120;9910;9972;9985;9893;10184;9975;9930;10167;10022;10151;10020;9939;0;9890;9914;9918;9996;10024;9921;9875;10105;10165;10041;10136;10057;9873;9915;10160;9901;10169;10053;9939;9876;10011;10052;9912;10042;9978;9950;10000;9892;10019;9952;10159;10199;10030;10087;10068;9943;9930;9975;10003;10023;10029;9980;10085;9873;10110;10114;10081;10123;10171;10055;10159;10000;9994;10025;9975;9929;10125;9912;10057;9801;10004;9968;10035;10002;9798;9938;9909;10083;10046;9960;9972;10062
9886;10099;10102;10055;10019;10066;9957;9886;9928;9985;9960;9863;9999;10068;9946;10147;9953;9895;10033;10106;9991;9824;9981;9827;9753;9969;10110;10083;0;10022;10026;10048;9949;10221;10019;9969;10011;10050;9992;9985;9799;10154;10017;9982;9752;10115;10004;10100;10061;9985;9839;10006;9882;9991;10006;10008;9914;10032;9993;10001;10018;9969;10077;10196;10038;9949;10173;9753;9971;9965;10055;10040;10101;9982;9983;9933;10107;9950;10065;9894;9861;9990;10169;10027;10062;9776;10200;10205;10176;9853;10013;10002;9818;10104;10022;10020;10033;9906;10157;9939
9991;9988;10022;10018;10112;9897;9948;10025;10030;10153;9856;10157;10063;9884;10058;9918;10165;10192;9905;9910;10109;10091;9905;10105;10004;9945;10016;9955;10271;0;9939;10016;9830;10034;9908;10126;9796;10162;9910;10039;9977;10056;9922;9992;9869;10088;10054;9979;9951;9848;10125;9970;9933;10071;9984;9923;10100;9889;9965;9845;10060;10134;10007;9855;10131;10001;9911;9962;9962;9834;10053;9979;10137;9973;10121;9971;10027;10115;9995;9995;9846;9989;9983;10103;10004;10117;9904;9844;10117;10035;10009;9923;9826;9906;10028;9979;9973;10270;10207;10112
9982;10005;10031;10088;9900;9906;10092;10034;9924;10034;9872;9949;10026;9992;10120;10127;9904;9969;10041;10048;10186;9939;9956;10240;10129;9977;10034;9929;9940;10086;0;9902;9966;9985;9997;10092;10110;9814;10137;9950;9956;10062;10128;10124;9971;10078;10102;9994;9999;9958;9932;10042;9972;9917;9912;9997;9882;10108;10020;9936;9865;9991;9962;10200;10212;10049;10032;9813;9982;9846;9982;9850;10146;9855;10068;10082;9914;9953;10100;9902;10013;9821;9993;10086;9910;9900;9967;9962;9937;9961;9842;10036;9919;10070;10044;9969;9963;10123;9951;10150
9919;10048;10078;10126;9788;10115;9989;10079;10094;10173;10037;9912;9977;9905;9836;9938;9978;10088;9977;10129;10390;9944;9887;10022;9956;10034;9926;9774;10026;9931;9980;0;9937;10050;9933;10021;9943;9999;9960;9925;10090;10156;9932;9934;10107;9915;10062;10031;10066;9888;10003;9856;10150;10124;9986;9989;9990;10066;10060;9907;9987;9942;9841;9758;9932;9921;10028;9874;9963;10075;10094;10027;10007;9926;9941;10154;9931;10006;10001;9785;9916;9898;9903;10081;9944;9985;10294;10084;9881;10210;10104;9965;9934;10032;9852;10164;9980;10086;10006;10069
10022;10138;9957;9815;9864;9864;9994;10019;10020;10186;9985;9988;10060;10035;9999;9924;9987;9927;9977;9922;10021;9906;9994;10067;9974;10068;10059;9896;9736;9915;9974;10054;0;10111;10111;9961;10194;10102;10019;10116;10045;10159;9898;9902;10149;9960;9843;10078;9898;10040;9804;9923;10009;10185;10008;9836;10078;10137;9951;9983;10040;9980;9899;10054;10001;10001;9965;10001;9945;10020;10164;10049;10068;10083;9978;10140;10089;9992;10031;10116;9649;9928;9990;9853;9986;9979;9959;9902;9988;9857;10063;10128;10114;9967;9837;9857;10128;9983;9895;9966
9999;10226;10027;10017;10018;9899;10081;9949;9916;9851;10185;9905;10093;10046;10159;10079;10096;10031;10035;10246;10089;9889;9972;9873;10219;10062;9893;10094;10052;10017;10122;9980;9995;0;9768;9932;9979;9924;9908;9916;9956;10043;9898;9956;10063;10053;10118;9957;10082;10085;9840;9871;9930;10034;9917;10014;10063;10118;10015;10017;10213;9815;9941;10199;9897;9973;10047;10184;9782;9949;9904;9878;10259;9974;9842;9922;9854;9879;9956;9854;9943;9980;9873;10130;10168;10104;9932;9942;10255;9869;10172;10081;9888;10163;10085;9990;9756;9989;9991;10008
10112;10013;10128;9961;9955;10118;9921;10040;10059;9950;9936;9871;10098;10107;9902;10028;9889;9883;10042;9764;10079;10164;9906;9901;10278;9970;10065;9990;10095;9885;9948;9849;9933;10176;0;9854;10025;9889;10217;10037;10124;10046;9901;10086;9935;10152;10097;10017;10136;10016;10083;9927;9847;10191;9970;10065;10041;10067;9991;10188;10061;10024;10089;9737;9870;9913;9872;10135;10143;10001;9931;9811;9885;10062;9958;10188;9998;10119;9983;9932;10094;9949;10082;9977;10296;9852;9860;10174;9967;9958;9919;10069;10061;10132;9944;10184;9917;9965;10070;10109
9973;9888;10198;10091;10023;10132;9886;10090;9963;10076;9962;10084;10156;10007;10085;9992;9908;9958;9964;10104;10000;10025;9943;9798;10158;9993;10072;10028;9832;9928;10056;9846;10040;9989;10151;0;10017;10017;10085;9924;10164;10146;10102;10002;10085;9884;9898;10100;10133;9921;9942;9881;10089;9968;10064;9906;9887;10011;10194;10076;10127;10080;9831;10134;9985;9999;9822;10028;10037;10114;10052;10018;9902;10045;10048;10128;9952;9954;9861;9882;9789;10117;9950;10199;9910;10028;10123;10244;9912;9949;9903;9970;9916;9834;10233;9889;9955;10045;10062;10189
10063;10161;9855;10061;10294;9770;10064;9917;9983;10106;10087;10095;9981;10000;10012;10162;10068;9915;10067;9996;9900;10014;9730;9944;9868;10017;10185;9979;10156;9820;9877;9902;9960;9875;10089;9930;0;9991;10084;10218;10008;10182;9793;9978;10007;10061;10067;9956;10026;10109;9885;10280;10107;9984;9957;9930;10143;9880;10018;10056;10056;10130;9976;9932;10095;9920;10163;9767;9953;10026;10054;9810;9932;9868;10019;9988;10073;9954;9965;10047;10087;9758;9953;9831;10220;10091;9894;9992;10165;10086;10033;10047;9987;9943;9889;9981;9916;9976;10128;9940
10049;10011;9972;10024;10112;9938;9994;10047;9947;10003;10099;10050;10096;10049;9902;9909;10079;9971;9984;9896;9986;10036;10076;9946;9955;10045;10060;9954;10121;9967;10004;10043;10150;10073;9929;9878;10087;0;10204;10142;10072;9816;10048;10079;10054;10085;10025;9975;10046;10003;10031;9791;10036;9938;10284;10104;10066;9904;9896;10000;9865;9938;9849;10044;9985;9779;10005;9830;10057;10090;10042;9966;10085;9867;10058;9917;9851;9946;9941;10076;9882;10183;10076;9991;10014;9879;10040;10002;9752;9982;10129;9979;9966;10096;9949;9937;9921;9904;10038;9971
9909;9813;10060;10026;10056;9884;9997;9858;9842;9894;10170;10102;9930;9996;9901;10076;10075;10091;10111;10091;9848;9777;9993;10129;10082;10007;10004;9817;9922;10053;9992;10010;9853;9999;9907;9778;10064;9981;0;9802;9859;10015;10036;10111;10033;9875;9943;9950;10030;9934;9879;9865;9916;10054;10078;10071;9987;9967;10015;9937;10053;10093;9896;9994;10028;9972;10000;9834;10054;9973;10147;10020;10222;10119;10010;10030;9886;10011;10062;9931;10036;10196;10012;9928;9844;10106;9962;10149;10048;9887;10066;10075;9956;10098;10073;9994;10054;10045;10001;10007
9964;10087;9956;10146;10032;10010;10044;9999;10074;10093;9895;10136;10052;10039;10061;10021;9872;9895;9846;10090;10026;10033;10012;10010;10007;10065;9966;9948;9813;9839;10276;10117;9950;9928;10109;9865;9988;9849;10069;0;10001;10096;9970;9945;9870;9817;10053;10002;9983;9888;9996;10025;10019;10099;9899;10029;10063;9909;10091;9914;9942;10037;10104;9884;10048;9868;9923;10006;9923;9890;10175;9982;10139;10052;10040;9962;10116;10049;9813;10019;9903;9977;9904;10188;9995;9938;9896;9971;10062;10092;10066;9814;9796;9915;9899;10008;10087;10240;9993;9832
9895;10111;9855;10045;10024;9933;9855;10193;10173;10065;9987;10039;9970;9961;9948;10072;10175;10181;9961;10149;10073;10195;9891;9972;9905;9997;9896;10006;9929;9975;9966;9852;9954;10143;10135;9694;10050;9936;10010;9972;0;9915;9907;10092;10137;9952;10017;9895;10046;10079;9952;10079;9979;9864;10056;10085;9919;9905;9860;9877;10169;10042;10010;10082;9812;10012;9903;9922;9916;10017;9866;10070;10030;10141;9877;10094;9883;9782;10040;10030;9909;10089;9824;10017;9964;9977;9978;10071;10058;10101;10141;10020;10030;9967;9927;10056;10097;10161;10070;9994
9827;10003;10058;10089;10035;10078;10006;9765;9972;10130;9833;9996;10099;9957;10043;10048;9962;9933;10040;10183;9878;9899;10130;10005;10135;9978;9914;9986;10008;9966;10093;9967;9979;9914;9954;10112;10173;10031;10026;9992;9794;0;9886;9965;10030;10257;10059;9976;9879;9952;9930;10045;10114;10047;10010;9916;10107;10060;9961;10021;9929;9932;10088;10071;10055;10011;10101;9877;9963;10037;9866;9953;9977;9956;9977;9974;10124;10074;9998;9961;10051;9891;9983;9889;10034;9934;9913;9965;9969;9920;9898;10144;9839;10104;10035;9948;10208;10071;10050;10059
9988;10054;10036;9912;9980;9923;10035;10047;10109;9861;9886;10007;10117;9802;9992;10014;10198;10020;9925;10014;10012;10061;9983;10079;9984;9920;9850;10104;10076;10004;9941;9990;9920;9881;9944;9880;10204;9981;9904;9923;10037;9877;0;10077;9941;10099;9870;9823;10009;10041;10207;10085;9916;9817;9888;9943;10031;9943;9896;10046;10123;10060;10075;10040;10107;10038;10089;9917;10104;10033;9737;10096;9929;9820;9993;9966;9818;9829;9916;9972;10028;10067;9897;9993;9941;10065;9952;9876;9879;10129;9905;9955;10127;10054;9922;9999;10113;10099;9944;10117
10103;9932;10001;9881;9944;10086;10001;10060;9973;10107;10017;10038;10087;10108;9964;9959;10071;10116;10002;10024;9827;9943;10040;9999;10004;9941;9911;9969;10121;10015;9849;10181;9993;10000;10082;10031;10008;10208;9906;10019;9887;10175;10002;0;9796;9943;9886;10076;10033;10031;10153;9929;9806;9913;9914;10010;9965;9932;10121;9901;9964;10051;10111;9873;9930;9921;10135;10067;9934;9995;9951;9989;9942;9875;10097;10002;9808;10069;9988;9953;10126;9859;9947;9944;10018;9974;9844;10224;10054;9997;10019;9909;9963;10134;9948;9770;10062;9986;10077;10104
9914;10114;9904;9983;10018;9937;10136;9787;9953;9942;9890;10053;9760;9944;10011;9941;10040;10082;9921;9923;9979;10055;10031;10083;9796;9850;10040;10014;9989;10036;9863;10148;9988;10049;10047;10133;9982;9981;10004;9932;9967;10120;10137;10165;0;9919;10011;10188;10036;10007;9963;10050;9907;10020;9939;10089;9882;9990;9818;9937;10109;10163;10057;10156;10009;10058;10072;9916;9973;10092;9852;10021;9978;10050;10059;10272;9909;10066;10011;9885;10014;10006;9865;10055;9970;10122;10216;10016;10202;10047;9727;10128;9904;9923;9857;9974;10092;9971;10098;10013
9861;9982;10040;9927;10149;9992;9922;9999;9914;9965;10074;10031;9963;10091;10029;10024;9978;10013;10043;10023;9949;10094;10058;10094;9856;9845;10156;9914;10155;10021;10042;9914;10089;10132;9932;9945;10119;9997;10108;9943;10136;9879;10016;9839;9957;0;9924;10118;10041;10079;10045;10013;9908;10019;10053;10128;9982;9911;10243;9916;10002;9948;9837;10248;10160;10012;10139;9979;10043;10101;9949;9890;9985;10062;9966;9950;10005;10128;9861;9997;9872;9953;10244;9884;10064;10117;9733;10065;9903;9956;10027;9982;9945;9939;10044;10027;9914;9952;10001;10013
9919;9902;9938;9862;10066;9988;9973;9912;10033;10027;9953;9988;9947;10001;10062;9884;10265;10154;10230;9988;10167;9955;10018;9869;10059;10014;10071;9950;10002;10075;9956;10053;10023;10057;10086;10002;9909;9946;10090;9980;10078;9952;9960;9930;10246;9938;0;9930;10278;10113;10055;9937;9943;10062;10030;10023;10103;10151;9977;10083;10017;10069;10069;10239;10150;10033;10034;10117;10007;10134;9994;10024;9927;9995;10004;10120;9965;10175;9904;9979;9925;9875;10118;9867;9957;10036;10083;10039;9993;10230;9893;9979;10047;9878;10106;10116;10006;10062;10004;9886
10032;9966;9890;9914;10117;9959;9903;10122;9997;9943;9862;9876;10101;9739;10006;10057;10002;10058;10011;10141;9966;9894;9974;10002;9823;10003;9978;10173;10096;10110;10182;10055;9950;9826;9969;10071;10064;10066;10159;9933;10028;9978;9929;9977;10172;9940;10014;0;10014;10070;9918;10122;10031;9851;10124;9977;10269;10100;10081;10013;9969;9939;10125;9969;9991;10030;10168;9935;9928;10088;10308;9963;10107;10136;9849;10126;9826;10071;10011;9988;9923;9891;10057;10041;9977;9964;9992;10062;9855;9941;10073;9936;9900;10124;10057;10056;9909;10341;9889;10002
9926;10216;10035;9958;10017;9992;10063;9804;10061;10018;9971;9814;10010;9901;9895;9970;9922;10118;10069;10086;10156;9929;10166;10003;9880;10197;10068;10108;10025;10009;10144;9941;10040;9988;9845;10113;9967;9847;10060;10008;9850;10090;10157;10019;10093;9973;9829;9925;0;9902;10001;9992;9899;10110;9952;10055;9992;10128;9894;9934;9855;9847;9886;9801;9947;10082;10101;10039;10047;10070;9821;9912;10083;10011;10079;10219;10161;9930;10076;9883;10041;9899;10000;9853;10091;10156;9956;10064;10093;10099;10054;9774;9996;10044;9962;9956;9893;9840;9736;9920
9961;10098;10108;9908;10067;9966;10101;10047;10050;9895;10182;9968;10059;10019;9939;9918;10053;9900;10035;9978;9922;10026;10066;9939;10156;10036;10006;9898;10150;9915;9923;9793;9963;9990;9988;10147;10100;9893;9958;9956;9926;10094;9964;9950;10057;10019;9865;9995;10086;0;9941;9981;10077;9895;9994;9876;10059;9994;10007;10072;9968;10195;9933;9859;10041;10097;10035;10202;9900;10084;10192;10067;9975;9961;9955;9933;9807;10065;9843;10071;10050;9980;10020;9978;9900;9875;10102;10027;9982;10056;10089;9926;10200;10089;10015;10081;10241;9923;9945;9914
10036;9743;9834;9956;9970;10047;10201;10110;9913;10015;10095;9847;9968;9874;10155;10207;9936;10057;9810;9992;9868;9977;10110;10053;9784;9984;9964;9932;9856;9943;10074;10170;9947;9907;9914;10042;9959;9858;9867;10254;9863;9981;9970;10145;9946;9991;10120;10104;9842;10018;0;10219;10020;10050;9970;10020;9873;10151;10002;9907;10106;9994;10009;9985;9903;10267;10156;10058;10067;9946;10008;10105;9970;10063;10047;10148;9927;9982;10077;10073;9990;10131;9907;10056;9908;9936;10059;10198;10049;9790;9981;9851;10042;9968;9937;10002;9896;9873;10060;9976
10140;10084;10046;10051;9959;10042;9850;9867;9919;10027;10188;9814;10117;10077;10105;9905;10147;10225;10065;10188;10018;10191;9946;10018;9954;9884;9944;10052;9992;9882;10000;10036;10017;9929;10070;10092;10117;10048;9890;10176;9982;10106;10033;9915;9903;10013;9772;10053;9888;10105;9912;0;10219;10002;10052;9900;10070;10047;10118;9872;9987;10082;10228;10040;10093;9932;10082;10089;9993;10166;9878;9984;9965;9886;10010;9834;10046;10101;10218;9962;9908;10040;10236;10010;9925;10008;9934;10046;10038;9961;9918;9825;9952;9827;10021;10000;10136;10000;9985;10236
10059;10129;9986;10118;10031;10086;10179;10040;10116;10136;9901;9911;10070;9917;10016;9835;10094;10088;10241;10036;10164;10012;10048;9939;10030;9824;9962;10006;10243;9931;9954;9998;10058;9798;9900;10015;9926;9922;10105;9962;9941;9760;10011;9889;10066;10008;9879;10172;10060;9941;10335;9859;0;10086;9950;10094;9923;10022;10000;10068;9874;9965;9919;9964;10005;10076;10018;10164;9979;10064;9837;9957;9953;9885;10055;10191;9988;9996;9955;10058;9882;9846;9987;9960;9958;10075;10008;10091;9875;9957;10031;10028;9895;10146;10042;10127;9996;9892;9902;9998
10057;9958;10077;10046;9948;9949;9751;9919;10096;9956;9903;9992;10050;10020;9966;10001;10047;9854;9941;9886;10195;9946;10164;10076;10068;10072;10059;9931;9934;10003;10097;10069;10014;9885;9938;10050;10196;9842;10120;10046;10014;9995;10211;9933;9987;10123;10043;9916;9985;10028;10112;9846;9865;0;10022;9947;10040;10012;10004;10020;10032;10003;9997;9955;10022;10098;9904;9894;9959;9926;10076;10147;10038;10273;9992;9983;9875;9894;10029;9973;9927;10060;9778;9952;9853;9861;9886;9945;9990;9896;10171;10087;9960;9838;10090;10131;10006;10125;9992;9829
9906;10168;10178;9946;9984;9978;10029;9860;10038;9809;10089;9926;9943;10078;10155;9941;9942;10009;9924;10010;9905;9960;10055;10065;9808;9947;9971;9892;9803;9900;9848;10039;9921;10151;9923;9949;9908;10054;9960;9907;10022;9856;10032;9974;9904;9837;9998;9979;10041;9939;10073;9985;10009;9822;0;10051;10087;9859;9966;10191;9976;9839;9986;10333;9991;10027;9937;9878;9969;10114;9945;10131;9970;9856;10134;9930;9771;9822;9998;10140;9925;10057;9970;9928;10106;10071;10078;9944;9789;10098;10019;10127;10106;10055;10046;10027;10091;9997;10093;9804
9970;10058;10213;10017;9937;9907;9868;9849;9975;10002;9888;10008;9995;10111;10178;9988;10048;10049;9896;10002;9927;9892;9929;10049;10111;10011;10127;9954;10060;9975;10048;10059;10169;10224;10077;10090;9993;9960;9909;10154;9983;9908;10032;9958;9984;9963;10024;10139;9983;9660;9903;9950;10123;9869;10077;0;9895;10016;9798;10082;9930;9993;10113;10122;10152;9942;9877;9993;9909;10172;10039;10023;10017;10004;10088;10025;9878;9843;10043;9934;9848;10119;9835;10056;10064;9923;10134;10082;10048;9733;10173;9998;9881;9963;9931;9886;9975;10144;10040;9929
10001;10127;10034;9897;10058;9828;9992;10023;9972;10041;10012;9979;10034;10116;9986;10032;9940;9865;10055;9826;9832;9813;9913;9955;9997;9953;10057;9875;10028;10005;10054;9853;9806;10081;10017;10003;9978;10115;9993;10061;9921;9972;10071;10112;9953;10048;9792;9907;10004;9902;10074;9954;9905;9931;10190;10229;0;9901;9833;9905;10030;10104;9913;9975;10022;10010;10015;9934;9954;10031;10023;10087;9876;10057;10185;10107;10009;10135;9975;9923;9992;9874;9939;10014;9949;10183;10019;9787;9863;9975;10196;10035;9846;10163;9862;9989;10126;9952;9926;9995
10145;10003;9860;10105;9864;10040;10070;9688;10068;9918;10045;9970;10152;9957;10075;10102;9960;10057;10067;10094;10036;9915;10225;10012;10000;9907;10053;9987;10063;10037;9860;10024;10013;9742;10017;9885;9903;10008;9937;10097;10009;9971;10019;9908;9962;10115;9998;9901;9845;10017;10004;9938;9967;9907;9965;9938;10116;0;10005;10096;9965;10133;10096;9993;10150;10085;10096;9959;10150;10058;10071;10008;10103;10178;9937;9958;10046;9979;9967;10003;10081;9730;9962;9855;10027;10125;10021;9987;9986;9869;9993;9790;9912;9898;10080;10126;10143;10056;9974;10107
9870;10054;9841;10067;10035;10033;9922;10020;10041;9969;9874;10099;10117;9989;10206;9887;10002;10019;10142;10028;10000;9988;9939;10018;9960;10122;9985;10035;9907;9908;9915;10052;9771;10094;10196;10083;10099;9859;9969;9934;9936;10059;10066;9982;9860;9964;9998;10031;10073;10079;9953;10059;10119;9964;9884;9978;10018;9874;0;9982;9939;9863;9911;9938;9830;9988;9916;10017;9981;10042;9976;10104;10039;9956;9989;10007;10098;10025;9931;10170;9815;9901;10141;10068;10153;9962;10040;9867;9893;10033;10139;9927;10038;9930;10067;10086;9899;9898;9952;10144
10074;10027;9883;10051;10065;10098;9963;10193;9878;10043;10045;9783;9977;9970;10076;10088;10047;9949;9975;9900;9983;10151;10079;9988;10139;9912;10014;10006;9958;9896;10030;10004;9784;10016;10004;10012;9968;10027;9878;10000;10049;9926;10021;10128;9922;10081;9999;9948;10111;10201;10136;10131;9896;9996;9903;9997;10112;9842;9912;0;9975;9902;10100;9943;10090;10022;9915;9821;10031;9922;10028;10041;10017;9926;10142;9993;9866;10060;9923;9787;10010;9827;9956;9865;9919;10004;10100;9874;9907;9997;9977;10025;10108;10118;10174;10148;9866;9946;9966;10038
9884;9927;9947;10020;9986;9969;10048;10173;9861;9987;9900;9894;9975;10025;10123;9989;9818;9824;10014;10008;9944;9938;10028;9992;9837;10094;9946;9959;10057;9890;10097;9982;10129;10022;10021;9904;9968;9927;10139;9913;10101;9965;9943;9983;10000;9939;9816;9875;9913;9981;9982;10062;10256;9788;10008;10007;10151;9989;9898;9977;0;9909;9996;10218;9930;9974;10010;10064;10122;9893;9805;10095;9902;10081;9869;10032;10069;9964;10106;10093;10187;10035;9967;10023;10086;10039;10011;10027;9870;9906;10076;9938;10151;9819;10216;10082;9953;9941;10014;10105
9987;9986;9878;9793;10044;10118;10049;10036;10201;9917;10082;9919;10038;10137;9714;9950;9971;10001;9977;9859;9824;9930;9892;10090;9992;10150;9925;10046;9978;9932;10015;10060;10193;10142;10081;10046;10053;9998;10101;10039;10071;9909;10036;9912;9894;9941;9948;10057;10029;10217;10050;10031;9978;9919;9769;9864;10010;10011;9934;9951;10051;0;9815;10038;9967;10208;9847;10012;10000;10006;10084;9995;9891;9930;9889;9987;9948;10022;10260;10083;9992;10023;10012;9940;9945;10107;9986;9989;9997;10093;9919;9896;9841;10137;10219;9852;10109;9887;10068;9902
10104;9904;10050;10019;10126;10049;9958;10006;9929;10059;9841;10035;9848;9929;9969;10037;10018;9915;9906;10280;9921;10037;10060;9986;10089;9940;10001;9792;10146;9935;10088;10033;10090;10090;9888;10049;9915;9932;10036;10024;9964;10047;10004;10074;10131;10106;10064;10017;9998;10001;9905;9968;10010;9984;10014;9892;10061;9972;9901;10080;10140;10003;0;10115;10180;10082;9889;10110;9942;9886;9860;10140;10152;9997;10029;9932;10028;9984;9977;10031;9964;9917;9985;9936;10080;10181;9908;10102;10137;9920;10039;10180;9908;10274;9955;9997;9899;9995;9965;10069
10161;9960;10066;9956;9952;10054;9883;9918;9972;9976;9990;10089;10012;9863;10117;9930;10089;10080;10092;10033;10006;10084;10120;10074;10075;9973;9856;9774;9976;9961;9952;10110;9976;9984;9893;10175;9816;10090;9882;10058;10000;10012;10037;9838;9909;9921;10076;10209;9963;10012;10190;9950;10110;9935;9881;10111;10290;9842;10087;10019;10018;9985;9998;0;10030;9788;10011;9908;10095;9991;10202;10003;10023;9956;9907;9858;10160;10035;10105;10183;9869;9800;10142;10056;10173;9898;10040;10016;10316;10129;9890;9950;10256;9994;10075;9891;10051;9842;10034;9997
10078;10010;9786;10171;10018;10251;9826;10033;9995;10010;10033;10035;9979;10003;10031;9810;10055;9779;10193;9997;9838;10015;9938;10094;10106;10137;9876;10061;10039;10148;10025;10163;10026;9981;9877;10027;9882;10064;9925;9975;9987;10241;9880;10079;10089;9963;10041;10072;10024;9952;9968;10064;10147;9923;9890;10011;10131;9995;9801;10029;10059;10080;9817;9868;0;10058;10029;9962;10054;9947;10045;9964;9888;9973;10027;10128;10052;10121;9985;9879;10020;10008;9979;10235;9935;9992;9772;9849;10151;10090;9830;9632;10024;9947;9942;10060;10129;10110;10020;10082
9849;9933;10074;9999;10231;9947;10045;10025;10279;9940;10013;10030;9996;10118;10131;9891;10142;10153;9962;9780;10024;9995;10089;10122;9861;10023;9996;9964;9862;10226;9865;9984;9989;10072;9974;9949;9881;9945;9892;9995;10025;10138;10009;9869;10005;9964;10009;10115;10046;10059;10037;9961;9933;10023;9879;10025;10027;9965;10097;9975;9905;10020;10049;9957;9935;0;10094;10140;10062;10070;10141;10013;9892;10009;10051;10098;9714;9868;9929;10027;9934;10054;10117;9939;9935;9853;10075;9997;9777;9948;9795;10090;10160;10068;10045;9950;9962;9915;9897;10020
10043;9918;10005;10046;10099;9866;9928;9983;10011;10132;9868;10104;10070;9980;10050;10027;9926;10013;10012;9962;9932;10123;9889;10096;9986;9734;10085;10091;10068;9978;10045;10058;10099;10096;10165;10060;10012;10017;9830;9921;10092;10005;10129;10004;10062;9972;10030;9856;9849;10197;10113;9922;9930;10061;10040;10058;9852;10007;9908;9974;9980;10138;10012;9823;10002;9976;0;10275;9967;9994;9947;10043;9947;10178;10018;10166;10049;9869;10090;9864;10143;10025;9985;10004;9870;9849;9998;10095;9991;10068;9775;9846;10162;9981;9948;9903;10041;10100;10106;10037
10020;10027;10086;9924;9948;9845;10031;10043;9914;10079;9961;9899;9961;9946;10170;10037;10053;9950;9968;10114;10166;9924;9973;10022;9797;9978;10121;10109;10077;10018;10061;10171;10082;10020;10159;9877;10018;10078;10073;9937;9947;9814;9951;9996;10057;10122;10019;10099;9954;10010;10027;9867;10083;9865;10101;10022;9963;10027;10073;10166;10102;10105;10025;10044;9949;10048;9760;0;10028;10014;9894;10012;9925;10042;9856;10034;10130;9923;9956;9939;9846;10125;10211;9909;10077;10094;10004;9953;9964;10044;9945;9770;9991;10090;9939;9980;10156;9922;9918;9899
10105;9977;9995;9963;10152;10028;10001;10105;10037;10029;9959;10014;9837;10156;9931;10108;10280;10112;9870;9974;10057;10128;9973;9995;9886;10099;9905;9889;9902;10009;9956;10009;9844;10086;9937;10128;9959;9925;10028;9896;9948;9982;9928;10061;10006;10109;10081;10038;10236;10076;9861;10108;10079;10122;10011;9743;10185;9935;10007;9785;9963;10037;9990;9948;9805;10091;10037;9751;0;9969;9921;9884;9961;9973;9833;10101;10085;10092;10126;9822;9948;10244;10175;10075;10057;10124;10037;10127;9958;10042;9973;10041;10083;10083;9925;10138;9971;10037;9910;9962
10055;9776;10054;10088;9986;9826;9962;9989;9994;9967;9894;10249;10064;10079;10008;10255;9849;9984;10101;9931;9913;10056;9986;10141;10119;10023;10057;9944;10080;9974;9820;10028;10128;9994;9871;9815;9941;9959;9968;10013;9982;10038;9945;10181;10023;9830;9958;9962;9911;9987;10090;9993;9950;9908;9879;10059;10237;10106;10036;9967;9947;10000;10009;10043;9937;10072;10101;10127;10016;0;10080;10035;10137;10013;10137;10055;9909;10066;9997;9990;9969;9911;10069;10031;10010;10108;9887;9899;10060;9866;10051;9961;10001;10104;9966;10210;9977;10099;10174;10144
9914;10088;9867;9990;9943;9978;10056;9961;9851;9886;10184;10101;9930;9996;10097;10089;10105;10132;10015;10043;9978;9846;10047;10008;10016;9938;10093;10113;9914;9937;9894;10129;9962;9900;9939;9902;9980;9824;10026;10109;10151;9844;10019;10014;9799;10079;10062;10082;10023;10054;9793;9992;10054;9948;9986;9890;9943;9945;10035;9894;10088;9933;9942;10010;10101;9919;10110;10103;10067;10135;0;9960;10052;9922;10093;9998;10033;9921;9846;10044;9952;9954;10109;10080;9919;10051;10212;9898;9952;9872;10019;9931;9913;9896;9879;10016;10010;10116;9901;10050
10021;9968;10027;9953;9855;9903;10103;9995;9992;9964;9944;10074;10028;10095;10071;9876;9820;10051;10007;10241;10019;9954;9928;9870;9895;9970;9982;10192;10191;9895;10111;9943;10234;9940;9982;10010;9833;10036;10082;10060;9929;10152;10012;10027;9900;9985;9830;10096;10135;10004;10026;9759;9881;9891;9766;10108;10020;10142;9876;10240;10067;10137;9919;9891;10028;10318;9959;10093;10037;9910;10048;0;10048;9934;10031;9982;10302;10070;9907;9936;10035;9740;9998;9906;10068;9895;10158;9976;10131;9876;9884;9967;10032;9896;10048;10128;10147;9972;10121;10067
9959;10021;10167;10111;9897;9960;10166;9647;10029;9997;10032;9978;9877;10119;9855;10063;10093;10008;9974;9937;9914;9779;10049;10030;9996;9942;10071;10176;10204;9793;10098;9915;9877;10093;9949;9842;10153;10066;9950;10031;9988;9962;9918;10249;10013;10011;10045;10108;9902;9983;10109;10161;9913;9874;10070;9811;10036;10164;10036;9752;9966;9935;9988;10030;9901;10031;10061;9939;10099;10072;10027;9984;0;9963;9951;10093;10088;10039;9935;9880;10001;9880;9784;9902;10226;9946;10036;9980;10019;9920;10008;9948;10217;10135;9959;9972;9924;9813;9889;9951
10052;9891;9922;9810;10142;10201;10057;9906;9928;9801;9920;9915;10068;9986;10153;9959;10041;10087;10043;9975;10039;9967;10079;9960;10088;9975;10181;9921;9949;10064;9980;9968;10063;10213;10026;9902;9832;10015;10060;9919;10108;9944;10049;10073;9904;10080;9792;9930;9873;9936;9934;10014;10033;10137;9939;9872;10046;10102;10109;9913;10208;10015;9993;10168;10034;10010;9975;9923;10087;9930;9855;10124;9910;0;10127;9898;9987;10060;10113;9936;9987;9843;10065;10024;9913;9911;10063;10138;9939;10030;10105;10081;10071;10093;9909;9992;10104;10096;10101;9913
10134;9877;10006;9837;9981;9966;10068;10000;9929;9858;9982;10070;9945;10016;10044;9907;10064;10054;10018;9881;9981;10011;9770;10118;9953;10034;9789;9951;9953;9970;9945;9948;9921;9944;9947;9996;10077;10017;9810;10075;10002;9971;10030;9989;9905;10093;9997;10106;10005;10067;9820;9922;9855;9999;10056;10055;9968;10013;10059;10162;10081;9890;9983;10064;9970;10055;9930;9937;9947;9918;10074;10036;9990;9951;0;9873;9895;9784;10058;10019;10045;9945;9943;9919;10038;10059;10181;9964;9974;10042;10062;9963;9926;10052;10101;10082;9891;10080;10012;9976
10132;9875;9898;9936;9955;10230;10071;10107;10068;9927;10010;9930;10055;9999;10054;10055;9998;10072;9966;9994;9946;9955;10017;10161;10060;10128;10188;10017;10068;10054;10082;9910;10132;10021;9950;9929;10000;9997;9975;9876;9928;9918;9838;10070;10181;9936;10015;9998;9941;9955;10002;9954;9846;10073;9826;9946;10079;10011;10067;9798;9917;9942;9841;9861;9848;10048;10135;10012;10093;10083;9949;10053;9867;10217;9987;0;10055;10060;9948;9873;9964;9914;9948;10040;9987;10174;9748;10103;9893;10062;10119;10226;10028;9947;10064;9927;9936;10116;10052;10004
10026;10045;10192;9959;10027;9986;9957;10078;10148;9885;9954;10053;10004;9807;10185;9899;10329;9994;10099;10083;10158;9824;10184;9939;10035;10104;10061;10041;10079;10014;9886;10192;9984;10131;9953;9781;10091;9976;9995;10014;9943;9818;10037;9862;9933;9940;10089;9763;9942;10094;9925;10038;9745;10079;10110;9963;10060;9992;9915;10151;10067;9948;10038;10043;10039;10004;9977;10147;10148;10050;9919;10072;9950;10035;10169;10047;0;10152;9989;9939;9923;10037;9918;9803;9884;10014;10061;9876;10227;10093;9836;10119;9946;10276;10072;9908;9954;9809;10188;9877
9864;10067;9870;10214;10035;10005;10160;10030;10008;9948;9949;10104;9894;9980;10141;10005;9992;10056;10128;9851;10078;9958;9922;10097;10137;9954;9979;10134;9972;9968;10143;9972;9995;10154;10033;10100;9904;10038;10102;10084;10168;10062;10118;9949;9874;10037;9963;9998;9870;10077;9945;9915;10006;10040;10067;10105;10035;10013;9953;10094;10065;10044;10028;9952;10143;10229;9990;10148;10014;10116;9966;9909;10042;10208;10028;9945;10173;0;10162;9895;10016;9880;10059;10066;10039;9968;10146;10078;10078;9892;10037;10040;9945;10021;10071;10101;9746;9986;9912;9831
10115;10001;10029;10024;9984;10085;9979;10094;9926;10280;10080;10228;9949;10053;9948;9990;9990;9814;10077;9906;9976;10107;10037;9905;9993;10075;10030;9853;9897;10069;9909;10065;10186;9942;10010;10021;9893;9844;10041;10128;10019;9835;10035;9972;9899;9873;9878;9907;9954;9893;9943;9870;9930;9997;9891;10194;9929;10103;10074;9931;9902;9813;10038;9846;10061;9808;10185;10065;10068;9954;9828;9821;9991;10081;9979;10026;9960;10196;0;9996;10008;9917;10197;10060;10190;9888;10024;10106;10070;10014;10012;9917;10165;10032;9995;10103;9959;9847;10098;10106
9899;10124;9945;10108;10083;10257;10033;9921;10089;10040;9873;10120;10016;10019;10015;9899;9927;10080;9921;9958;9998;9904;10082;10078;9863;9891;10042;9990;9956;9876;10144;9991;9919;9964;9742;9935;9765;10211;9864;9960;10041;9949;9870;9959;10027;10080;9983;9865;9977;10087;9995;9973;9974;10032;10044;9944;9984;10015;10172;10008;10045;9879;9867;10078;9941;10109;10075;10097;10087;10025;9978;10177;10003;9931;9968;9952;9977;10001;10017;0;10172;9950;10031;10178;10022;10058;10049;9917;10161;9985;9987;9912;9940;9921;10013;9884;10061;10032;10062;10000
9870;9933;9945;10157;10156;9906;9825;10103;9925;9944;9945;9975;10010;9900;10213;9799;9970;9755;10043;9834;10066;10074;10202;9985;9811;9862;9980;10082;10128;10037;10017;10111;10168;10047;10140;9972;9930;10095;10000;9978;9873;10011;9760;9897;10048;10002;10077;10129;9910;9959;9996;9846;10010;10086;9865;10059;10044;10033;10054;9779;9904;10043;10014;10058;9998;9959;10003;10236;10230;10064;10033;10090;9857;10082;10063;9951;10118;9920;10076;9912;0;10004;9855;9900;10084;9981;10019;9863;9882;9872;9933;10228;9911;9910;10113;10052;9954;10024;9978;9993
10062;9987;10060;9952;10093;10118;10041;10006;9918;9914;10013;9879;9911;10193;10180;10164;10149;9924;9897;9865;10011;10063;9988;9968;10176;9770;9968;9892;10097;9923;10024;9921;10026;9987;9870;9998;10095;10004;10169;10065;9939;9993;9971;9974;9843;9943;10027;9879;9947;9946;10081;10074;10142;10015;10079;9986;9986;10000;9959;9932;10097;9886;9988;10123;9937;10043;9899;10047;9927;10024;10036;10003;9863;10005;10085;10026;10002;9894;9931;10057;9837;0;10010;10210;9943;9883;10001;9900;10052;9889;9892;9995;9984;10090;9940;10034;9936;10010;10063;9978
9800;10015;10094;10152;10171;9911;9795;10038;9886;9956;9984;9986;10027;10035;10019;10020;9989;10077;10219;10191;9969;10115;9986;10113;9906;9968;9892;9840;9969;10198;10089;10061;10124;9863;10082;10111;10025;9953;10103;9876;10082;10157;9905;10223;10003;9944;10116;10071;10022;9847;9785;9994;10197;9956;10002;9948;10002;10079;9933;10056;9987;9965;9850;9840;9866;9862;9905;10002;10033;10005;9988;9963;9955;9948;10077;10094;10023;9861;9939;9819;10073;9992;0;9974;10108;9833;9921;9944;10015;9877;9896;10129;10109;9956;10085;9975;9788;9982;10043;10110
10009;10061;10127;9912;9946;10096;9830;9991;10127;10151;10205;10016;10087;9912;9841;9978;10064;9988;9913;10120;9889;9918;9954;10140;9938;9956;9991;10186;10064;9901;10054;10018;10003;10125;9962;10140;10125;9899;10063;10037;9964;10148;10142;9965;9996;9908;10081;9775;9875;9811;10017;9891;9981;9930;10003;10070;9893;9954;9960;9914;10009;9950;10107;9988;10039;9911;9961;9960;10019;9961;10050;10124;9870;10063;10014;9893;10093;9781;9990;10008;10040;9960;9996;0;9981;10015;10067;10052;9997;9908;9995;9861;10124;9696;9919;10040;10001;9924;10115;10040
10074;9904;10092;9966;10112;10122;9928;10041;9917;10052;10058;10193;10026;9988;10005;10047;9890;10032;9757;10170;9864;9924;9962;10070;9831;9857;10022;10061;10013;9983;10039;9842;10054;9937;10082;10169;10094;10007;10008;9975;10076;9956;10025;9912;9925;10056;9975;9931;10011;10099;10095;10007;10044;9866;9998;10015;9866;9984;10135;10008;9873;9883;10032;10024;10053;9980;9906;10159;9819;9930;10003;10077;9932;9845;10074;10045;9947;10137;10002;10202;9941;10109;10004;10042;0;9814;9967;9983;9984;10051;9939;10069;10080;9892;10186;9994;9945;10035;10183;10017
10189;9953;9980;9932;9976;10022;10019;10082;10131;10116;9959;10096;10104;10059;10038;9921;9895;9869;10085;10020;10016;10067;9905;9937;10064;10156;9851;9779;9947;10089;10195;10149;9869;10019;9807;10058;9852;9928;9957;9840;9986;10107;9895;9879;10128;10020;9957;9956;9927;9997;10070;10159;9874;9994;10102;10109;10174;9984;10079;10025;10009;9916;10055;9814;9929;9997;9910;10071;9803;10128;10028;10025;9852;10024;9977;10092;9956;9887;10119;10042;9866;10167;9811;9933;10032;0;9927;9976;10008;10131;10068;10033;10010;10068;10191;10248;10123;10096;10033;10037
9815;9997;10025;10070;9790;10064;10293;10205;9969;9810;10080;10002;10144;10076;9803;9967;10118;9900;10083;9921;9940;10109;10028;9948;9923;10044;10081;9778;10133;9867;10127;9869;10092;9924;9898;10051;9976;9868;9966;9838;10089;10155;9931;9851;10113;9925;10017;10153;10077;9840;9977;10179;9904;9953;9767;10089;10019;10106;10001;10132;10063;10005;10023;10044;9755;9804;10083;10053;10029;10067;10110;10048;9778;9786;9947;9899;9893;9992;10007;9871;10100;9910;10276;9945;10049;9961;0;9920;9879;9930;10055;9895;9941;10083;9963;10013;9898;9882;9978;9855
10027;10252;9841;10080;9963;9938;9913;9935;9965;10055;10004;10129;10081;9975;10053;9952;9819;9976;10170;9972;10028;9904;9885;10036;10043;10018;10023;10099;9974;9956;9816;10052;10117;10027;9873;9906;9849;10124;10118;9873;9972;9856;9762;10003;10029;9877;9999;10028;9979;10037;10040;10172;9937;9847;9944;10071;10007;10026;10072;9940;10005;10029;9913;10055;10082;9940;9899;9853;9987;9990;10008;9970;10092;9980;10021;10091;9929;9945;10081;10114;10090;9979;10024;9966;10097;10043;9973;0;10207;9970;10076;9882;9999;9775;9963;10131;9938;10109;10101;9958
10049;10051;9949;9948;10100;10064;10031;10260;9981;10092;10040;9982;10020;10036;9888;10112;9887;10014;9849;10142;10100;9937;9885;10095;9916;9934;9901;10032;10031;10062;9972;9821;10153;9948;10000;10029;10099;9829;9948;10062;10090;10014;10033;9958;9985;10110;10108;9815;10062;9909;10109;9909;9988;9985;9889;9862;10080;10154;9996;10028;10032;9865;9897;10051;10078;9877;9990;9807;10025;9986;9951;10140;10058;10004;9960;9900;9953;10072;10012;9896;10003;10031;9905;9898;9917;10075;9969;10041;0;10085;9957;10252;10066;9881;9933;10079;9876;9942;10133;9848
9912;9981;9942;9791;9885;10117;10119;9895;9776;9884;10075;9990;9983;9933;10049;10105;9894;10054;9936;10063;10182;10008;9965;10066;10262;10116;10016;10026;10082;9925;9979;9921;10045;10019;10008;10141;9938;9932;9942;9936;9912;10196;9848;9972;9978;10204;10011;9899;10065;10111;9820;10045;10001;9696;9896;10094;10085;9904;10067;9887;10181;10080;9920;10031;9936;9981;10063;10071;9960;10017;9992;10000;9945;9883;9994;10078;9999;9954;10101;10112;10017;10057;9981;10062;10222;10005;10165;9879;9839;0;10033;9840;10178;9855;10100;10102;10078;9852;10171;10060
10014;9891;9879;10015;9822;10015;9989;10078;10054;9928;10063;10142;10036;9944;10117;10052;10080;9893;10012;9974;9968;9978;10050;9963;10113;10078;10007;10005;9988;9808;9968;9987;10054;10016;9985;10097;9994;10010;10100;9916;10055;9970;9874;9937;9935;10072;10023;9888;10073;9880;9991;10021;10056;9930;9786;9847;10033;9838;9867;10241;10172;9977;10006;10074;10114;10096;9940;10069;10020;10042;9950;10005;10125;10001;9996;10072;9985;9993;9909;9954;10042;9833;10092;10009;9938;9935;10053;9962;9953;9889;0;10001;9951;9898;9969;10216;9912;9818;10008;9885
10192;10000;9995;9999;9958;9973;10126;9934;9980;9967;10030;9988;9906;9987;10033;10020;9873;10009;9899;10004;9917;9993;9938;10162;10153;10132;9904;9914;9990;10149;9898;9998;10032;9995;10216;10120;10061;9996;9881;9854;10132;10057;10015;9859;9940;10171;10108;9926;10109;9918;9950;10070;10061;9941;9980;10024;10091;10167;10084;9951;9992;10021;10093;10085;10025;10117;9893;10063;9955;10148;10056;10002;10078;9776;10005;9992;10032;9902;10025;10185;9957;10088;9887;10070;10069;9906;9977;9807;9974;9796;10066;0;10077;10061;10010;9874;9901;9899;10118;10084
9933;10157;9917;10068;9998;10074;10036;9717;9808;9931;10036;9998;10129;9794;10012;9990;10068;9901;9972;10183;10168;10151;9956;9937;9995;9981;10080;10207;10007;9969;10011;9910;10057;9874;10110;10112;10129;9996;10148;9931;10045;10077;10229;9988;10106;10133;9899;9952;9925;9954;10141;10045;10000;10138;10064;9986;9947;10042;9862;9917;9986;9930;10015;10035;10026;10037;10169;10013;9940;9913;9952;9898;9927;9959;9841;9933;10166;10023;9902;10007;10050;10085;10123;9821;10170;10016;9753;9919;9891;9940;10064;9900;0;10035;10181;9996;9858;10175;9982;9870
10034;9944;9987;9908;10018;9967;9834;9801;9825;10037;9988;10121;10073;10221;10061;10047;10001;10003;9934;10025;10002;9973;9872;10055;10033;10006;9793;10043;9863;9986;9945;9889;10098;9860;10121;10026;9948;9908;10097;9966;9966;10024;10102;9984;10008;10010;9830;9878;9915;9848;9873;9822;9975;9930;9918;9809;9758;9956;10065;10026;9922;10023;10177;10094;10006;10027;10015;10093;10017;10176;10118;10061;10042;10084;10047;9990;10117;9848;10012;10078;10130;9982;10054;10057;9982;10033;9873;9999;10102;9861;10169;10069;9985;0;9943;10135;10142;10117;9924;9766
9980;10086;10051;10024;9856;10079;10054;9868;10129;10155;9958;9804;9889;9851;10088;10059;10072;9976;9958;9991;9942;9996;9867;10011;9915;9884;9983;10293;10008;10049;9961;9940;9934;10104;10186;9995;10095;9825;10116;10026;10061;10047;9793;10002;10071;9977;10110;9851;10125;10048;10092;9919;10072;10042;9858;10043;10030;10038;10033;9963;9861;10028;9956;10118;9948;9980;10096;9872;10016;10031;9917;9976;9984;9884;9887;10041;9944;9998;10056;10008;10042;9956;9838;10016;9828;9936;10076;10068;10178;9888;10014;10017;9940;10011;0;9986;10026;10003;10087;10019
9980;10025;9940;9881;9954;10124;10021;10018;10016;9927;10126;10125;10081;10040;10112;10118;9934;10216;10187;10046;10039;9914;9746;10114;9937;9643;9910;9856;9992;9786;9953;10148;10040;9946;10025;9978;9926;10037;9959;9851;9801;9874;10061;9882;9998;10062;9970;9996;9994;10060;10045;9942;10147;9822;10049;9899;9944;9918;9989;9894;9994;10160;10074;10013;10000;10143;9892;9990;9859;10088;10170;10105;9902;9913;9959;10100;9925;9786;9848;10237;10038;10004;10225;9884;10069;9993;9824;9954;9960;10039;9967;10045;10003;10124;10172;0;9961;9989;10020;10185
10155;9800;10027;10115;9863;10228;9965;10138;9879;10022;10057;9996;10201;10021;10056;10166;9981;9963;10062;9890;10025;9979;10084;9879;9898;10044;10053;10094;10109;10039;9898;10087;9864;9933;10143;10250;9977;10042;10062;10019;10236;10020;9827;9981;10032;10222;10025;9973;10057;9957;10173;10076;9926;9816;10000;10075;9773;10101;9964;10082;9987;9952;9920;10194;9986;10052;9916;9985;9899;10108;10126;9930;9802;9885;10014;9993;10072;9996;10289;9853;10024;9981;10000;9794;9994;10014;9970;9869;9914;9980;9866;10051;10085;10035;9987;9914;0;10074;9925;10020
9955;9999;10065;9948;9949;10108;9911;9864;9795;10021;9887;10196;10061;10060;9932;9813;10067;10119;10010;10102;10010;10153;9948;9945;10083;10236;9923;10049;9969;9959;9740;9923;9910;10098;9945;9938;10049;10156;10067;9950;9990;9798;9910;10018;9942;9827;10149;9867;9947;9982;10005;10163;10183;9875;10087;10009;10126;9961;9972;9966;10092;10034;10046;10094;10038;9824;9946;9899;9924;9897;9957;10101;9818;9962;10008;10178;10022;10065;9985;10174;9983;9858;9934;10027;9866;10083;10051;9952;9911;9964;10058;9995;9945;10037;10036;10035;10108;0;9954;10108
9858;10076;10108;9931;10205;10008;10038;10134;10117;10034;10060;9831;9965;10014;9994;9950;10070;10073;10081;10068;9995;10105;9967;9892;10026;10200;9918;9853;10042;10012;9985;9766;10240;10068;10022;9991;9957;9935;10020;9890;9860;10073;10119;9930;9926;10014;9953;9897;9900;9951;9956;9872;10033;10067;10015;9897;9864;9918;10136;9960;10088;9977;9969;10173;10109;10127;9942;10027;10039;10165;9824;10184;9915;9984;10014;10039;9790;9842;10113;9889;9966;9874;10028;9940;9999;9953;9966;9931;9859;10246;9879;9813;9923;10140;10081;9840;9968;9991;0;9935
10176;9962;9912;10019;9790;9843;9898;9990;10043;9978;10022;10151;9879;9842;9849;10073;9995;10095;10040;10116;10041;9858;10295;10024;10059;9931;10106;9968;10040;10094;9968;10152;10047;10120;10052;9970;10055;10136;10116;10095;10256;10046;10092;9930;9884;9919;10053;10028;9964;9986;10122;9985;10032;9808;10035;10080;10007;10082;9814;10053;9921;9877;9861;9922;10000;9849;10204;9868;10086;10081;9940;9942;9923;10125;10139;9947;9959;9896;10057;10235;9800;10115;9950;10074;10013;9903;10015;10052;10078;9935;9978;9961;9949;10013;10224;10091;9819;9742;9978;0